Tree,Node,ID,Feature,Split,Yes,No,Missing,Gain,Cover,Category
0,0,0-0,std_pkt_size,668.89856,0-1,0-2,0-2,10.0028763,29.7222233,
0,1,0-1,Leaf,,,,,-0.00563758379,15.5555563,
0,2,0-2,avg_dt_intensity,63975089800000.0,0-3,0-4,0-4,33.3835411,14.166667,
0,3,0-3,Leaf,,,,,-0.00542553188,9.44444466,
0,4,0-4,Leaf,,,,,0.0247572791,4.72222233,
1,0,1-0,std_iat,7.49693791e-05,1-1,1-2,1-2,19.4258118,28.6111126,
1,1,1-1,Leaf,,,,,-0.00569405081,18.6111126,
1,2,1-2,total_packets,20817.0,1-3,1-4,1-4,21.0287704,10.0,
1,3,1-3,Leaf,,,,,-0.00489795906,4.44444466,
1,4,1-4,max_iat,0.000882999972,1-5,1-6,1-6,0.681606293,5.55555582,
1,5,1-5,Leaf,,,,,0.0244897939,4.44444466,
1,6,1-6,Leaf,,,,,0.00631578919,1.11111116,
2,0,2-0,std_iat,0.00076957891,2-1,2-2,2-2,38.1339073,27.2222233,
2,1,2-1,Leaf,,,,,-0.00575057743,23.0555573,
2,2,2-2,Leaf,,,,,0.0241935458,4.16666698,
3,0,3-0,reverse_num_packets,1033.0,3-1,3-2,3-2,8.87540245,30.5555573,
3,1,3-1,max_iat,0.000239999994,3-3,3-4,3-4,34.7743416,15.2777786,
3,2,3-2,Leaf,,,,,-0.00563139888,15.2777786,
3,3,3-3,Leaf,,,,,0.0247572791,4.72222233,
3,4,3-4,Leaf,,,,,-0.00548076909,10.5555563,
4,0,4-0,min_pkt_size,1474.0,4-1,4-2,4-2,12.3606224,30.5555573,
4,1,4-1,Leaf,,,,,-0.00564935012,16.1111126,
4,2,4-2,dt_intensity,958863704000.0,4-3,4-4,4-4,10.6576366,14.4444447,
4,3,4-3,max_iat,0.000882999972,4-5,4-6,4-6,25.0713539,9.72222233,
4,4,4-4,Leaf,,,,,-0.0049514561,4.72222233,
4,5,4-5,Leaf,,,,,0.0252212379,5.27777815,
4,6,4-6,Leaf,,,,,-0.00489795906,4.44444466,
5,0,5-0,packet_rate,619.673767,5-1,5-2,5-2,49.0867691,31.6666679,
5,1,5-1,Leaf,,,,,0.0252212379,5.27777815,
5,2,5-2,Leaf,,,,,-0.00578093296,26.3888893,
6,0,6-0,byte_rate,57297380.0,6-1,6-2,6-2,18.3148136,29.9936504,
6,1,6-1,Leaf,,,,,-0.00571124582,20.1968269,
6,2,6-2,min_iat,2.40000008e-05,6-3,6-4,6-4,24.2053185,9.79682255,
6,3,6-3,Leaf,,,,,0.0242278371,4.81756496,
6,4,6-4,Leaf,,,,,-0.00499136094,4.97925758,
7,0,7-0,max_pkt_size,1475.0,7-1,7-2,7-2,7.63595963,28.0469551,
7,1,7-1,Leaf,,,,,-0.00557385385,13.2769241,
7,2,7-2,bytes,281149920.0,7-3,7-4,7-4,9.1334734,14.770031,
7,3,7-3,total_packets,20817.0,7-5,7-6,7-6,22.5854607,9.2328167,
7,4,7-4,Leaf,,,,,-0.00507800281,5.53721428,
7,5,7-5,Leaf,,,,,-0.00494401762,4.70551443,
7,6,7-6,Leaf,,,,,0.0240095537,4.52730227,
8,0,8-0,num_packets,2085.0,8-1,8-2,8-2,42.3073769,29.736845,
8,1,8-1,avg_bytes,3071963.5,8-3,8-4,8-4,9.01266861,7.0554142,
8,2,8-2,Leaf,,,,,-0.00574057503,22.6814289,
8,3,8-3,Leaf,,,,,-0.00314795715,1.10627925,
8,4,8-4,Leaf,,,,,0.0250572227,5.94913483,
9,0,9-0,avg_bytes,289060192.0,9-1,9-2,9-2,49.8618393,30.8435535,
9,1,9-1,Leaf,,,,,-0.00576494029,25.1752872,
9,2,9-2,Leaf,,,,,0.0248664208,5.66826582,
10,0,10-0,rms_pkt_size,1474.0,10-1,10-2,10-2,10.7045918,31.9497528,
10,1,10-1,Leaf,,,,,-0.00564228883,16.0457268,
10,2,10-2,packet_rate,619.673767,10-3,10-4,10-4,11.5763092,15.904026,
10,3,10-3,Leaf,,,,,-0.0051145074,5.81193542,
10,4,10-4,Leaf,,,,,0.0116572985,10.0920906,
11,0,11-0,mean_iat,0.00240000011,11-1,11-2,11-2,35.2061768,28.3099308,
11,1,11-1,Leaf,,,,,-0.0057571549,24.341116,
11,2,11-2,Leaf,,,,,0.0233583562,3.96881366,
12,0,12-0,avg_dt_intensity,81906964100000.0,12-1,12-2,12-2,48.3717422,30.019371,
12,1,12-1,Leaf,,,,,-0.00575036276,24.2410259,
12,2,12-2,Leaf,,,,,0.0243384242,5.77834558,
13,0,13-0,std_iat,7.49693791e-05,13-1,13-2,13-2,17.2777042,29.7037144,
13,1,13-1,Leaf,,,,,-0.00569605688,19.554924,
13,2,13-2,avg_dt_intensity,639696699000.0,13-3,13-4,13-4,19.781208,10.1487894,
13,3,13-3,Leaf,,,,,-0.00493618054,4.6879015,
13,4,13-4,avg_min_pkt_size,45.2000008,13-5,13-6,13-6,0.494354248,5.46088743,
13,5,13-5,Leaf,,,,,0.00621378422,1.12673855,
13,6,13-6,Leaf,,,,,0.0231953952,4.33414888,
14,0,14-0,dt_intensity,638723490000.0,14-1,14-2,14-2,14.1287584,30.4868374,
14,1,14-1,total_packets,3098.0,14-3,14-4,14-4,20.5482216,9.00541973,
14,2,14-2,Leaf,,,,,-0.00572092319,21.4814186,
14,3,14-3,Leaf,,,,,-0.00498297578,4.95910692,
14,4,14-4,Leaf,,,,,0.0228821822,4.04631281,
15,0,15-0,max_iat,0.000239999994,15-1,15-2,15-2,34.807579,29.3972263,
15,1,15-1,Leaf,,,,,0.0229308102,4.03830004,
15,2,15-2,Leaf,,,,,-0.00576132862,25.3589268,
16,0,16-0,std_iat,3.54718891e-15,16-1,16-2,16-2,18.2460823,26.9941025,
16,1,16-1,bytes,3073900.0,16-3,16-4,16-4,13.1870813,11.5503378,
16,2,16-2,Leaf,,,,,-0.00562506262,15.4437647,
16,3,16-3,Leaf,,,,,-0.0046827537,3.58469582,
16,4,16-4,total_bytes,30995078.0,16-5,16-6,16-6,15.3868904,7.9656415,
16,5,16-5,Leaf,,,,,0.0245429557,5.7353158,
16,6,16-6,Leaf,,,,,-0.00414638687,2.23032594,
17,0,17-0,duration,5.00159979,17-1,17-2,17-2,28.9327793,29.1432858,
17,1,17-1,avg_dt_intensity,6399206910.0,17-3,17-4,17-4,8.63340187,25.3875542,
17,2,17-2,Leaf,,,,,0.0225485265,3.75573206,
17,3,17-3,Leaf,,,,,0.0153108723,1.15522027,
17,4,17-4,Leaf,,,,,-0.00574977556,24.2323341,
18,0,18-0,avg_dt_intensity,81906964100000.0,18-1,18-2,18-2,40.4930229,28.6013317,
18,1,18-1,Leaf,,,,,-0.00573845534,23.5947838,
18,2,18-2,Leaf,,,,,0.023223402,5.0065484,
19,0,19-0,directions,0.666698873,19-1,19-2,19-2,11.2876682,28.6156788,
19,1,19-1,byte_rate,6141961.5,19-3,19-4,19-4,10.4243622,13.7980499,
19,2,19-2,Leaf,,,,,-0.0056037358,14.8176298,
19,3,19-3,Leaf,,,,,-0.0049288068,4.67131853,
19,4,19-4,mean_iat,1.73123553e-05,19-5,19-6,19-6,20.4609451,9.12673092,
19,5,19-5,Leaf,,,,,-0.00474602729,3.84098959,
19,6,19-6,Leaf,,,,,0.0235161576,5.28574181,
20,0,20-0,packet_rate,4166.8667,20-1,20-2,20-2,17.7471333,29.6934032,
20,1,20-1,avg_dt_intensity,9599008770.0,20-3,20-4,20-4,22.8402519,9.94552231,
20,2,20-2,Leaf,,,,,-0.00569294998,19.7478809,
20,3,20-3,Leaf,,,,,-0.00497548608,4.94109583,
20,4,20-4,Leaf,,,,,0.0232343692,5.004426,
21,0,21-0,num_packets,208317.0,21-1,21-2,21-2,36.1255531,28.2879505,
21,1,21-1,Leaf,,,,,-0.00574195432,23.8809357,
21,2,21-2,Leaf,,,,,0.0227784943,4.40701532,
22,0,22-0,avg_bytes,30995078.0,22-1,22-2,22-2,7.27481413,29.9939346,
22,1,22-1,total_packets,20817.0,22-3,22-4,22-4,31.4713001,15.6635218,
22,2,22-2,Leaf,,,,,-0.00559767894,14.3304129,
22,3,22-3,Leaf,,,,,-0.00548374932,10.9842606,
22,4,22-4,Leaf,,,,,0.0231618378,4.67926121,
23,0,23-0,total_bytes,3099454.0,23-1,23-2,23-2,43.2172318,29.9717693,
23,1,23-1,Leaf,,,,,0.0235000346,5.2890029,
23,2,23-2,Leaf,,,,,-0.00574822212,24.682766,
24,0,24-0,total_bytes,286486144.0,24-1,24-2,24-2,18.6260395,29.1651382,
24,1,24-1,Leaf,,,,,-0.00567524601,18.8593998,
24,2,24-2,num_packets,208317.0,24-3,24-4,24-4,22.9608612,10.3057384,
24,3,24-3,Leaf,,,,,0.0229653288,5.39814949,
24,4,24-4,Leaf,,,,,-0.00496156281,4.90758944,
25,0,25-0,std_iat,7.49693791e-05,25-1,25-2,25-2,18.8344784,28.6592102,
25,1,25-1,Leaf,,,,,-0.00565759325,17.7646523,
25,2,25-2,iat_variance_ratio,3.713158e-05,25-3,25-4,25-4,18.9592819,10.894557,
25,3,25-3,Leaf,,,,,0.0227543749,5.09859848,
25,4,25-4,reverse_bytes,577464.0,25-5,25-6,25-6,1.8510586,5.79595852,
25,5,25-5,Leaf,,,,,-0.00492111035,4.65400076,
25,6,25-6,Leaf,,,,,0.00611486798,1.14195752,
26,0,26-0,std_iat,0.00076957891,26-1,26-2,26-2,28.3308697,27.3609371,
26,1,26-1,Leaf,,,,,-0.00573389558,23.7630806,
26,2,26-2,Leaf,,,,,0.0213065092,3.59785652,
27,0,27-0,max_iat,0.000239999994,27-1,27-2,27-2,42.298233,29.9818287,
27,1,27-1,Leaf,,,,,0.0230266228,5.38546753,
27,2,27-2,Leaf,,,,,-0.00574254151,24.5963612,
28,0,28-0,std_iat,3.54718891e-15,28-1,28-2,28-2,16.9053345,29.5276184,
28,1,28-1,num_packets,20625.0,28-3,28-4,28-4,10.7562141,12.5612421,
28,2,28-2,Leaf,,,,,-0.00564521737,16.9663773,
28,3,28-3,Leaf,,,,,-0.0046665296,3.55796194,
28,4,28-4,packet_rate,6187.54248,28-5,28-6,28-6,18.1669292,9.00327969,
28,5,28-5,Leaf,,,,,0.0235084984,5.95814657,
28,6,28-6,Leaf,,,,,-0.0045128921,3.04513359,
29,0,29-0,total_bytes,3099454.0,29-1,29-2,29-2,44.6274567,30.8102856,
29,1,29-1,Leaf,,,,,0.023205135,5.68742323,
29,2,29-2,Leaf,,,,,-0.00574612664,25.1228619,
30,0,30-0,dt_intensity,81906964100000.0,30-1,30-2,30-2,41.0762444,29.4368839,
30,1,30-1,Leaf,,,,,-0.00573015725,23.9415321,
30,2,30-2,Leaf,,,,,0.0225025695,5.49535084,
31,0,31-0,total_bytes,30995078.0,31-1,31-2,31-2,10.8168736,30.2986908,
31,1,31-1,Leaf,,,,,-0.0055979332,14.984499,
31,2,31-2,avg_dt_intensity,63975089800000.0,31-3,31-4,31-4,32.4157257,15.3141918,
31,3,31-3,Leaf,,,,,0.0227723643,5.78159618,
31,4,31-4,Leaf,,,,,-0.00540424464,9.53259563,
32,0,32-0,packet_rate,4166.8667,32-1,32-2,32-2,18.54566,29.6930103,
32,1,32-1,dt_intensity,9599008770.0,32-3,32-4,32-4,22.3904629,10.3898001,
32,2,32-2,Leaf,,,,,-0.00567454705,19.3032093,
32,3,32-3,Leaf,,,,,-0.00495888479,4.90113449,
32,4,32-4,Leaf,,,,,0.0225340128,5.48866558,
33,0,33-0,total_packets,208317.0,33-1,33-2,33-2,12.0628586,28.7236691,
33,1,33-1,Leaf,,,,,-0.00568380952,19.8663445,
33,2,33-2,std_pkt_size,668.89856,33-3,33-4,33-4,18.0258217,8.85732555,
33,3,33-3,Leaf,,,,,0.0212976933,3.95986152,
33,4,33-4,Leaf,,,,,-0.00495740678,4.8974638,
34,0,34-0,total_packets,30937.0,34-1,34-2,34-2,9.23428917,29.73489,
34,1,34-1,protocol,1.0,34-3,34-4,34-4,7.86620808,14.6923313,
34,2,34-2,Leaf,,,,,-0.0056046173,15.0425587,
34,3,34-3,Leaf,,,,,-0.00490820501,4.62494373,
34,4,34-4,Leaf,,,,,0.00984637067,10.0673876,
35,0,35-0,avg_bytes,3099454.0,35-1,35-2,35-2,41.2366905,29.6865807,
35,1,35-1,Leaf,,,,,0.0225398205,5.48742962,
35,2,35-2,Leaf,,,,,-0.00573178474,24.199152,
36,0,36-0,iat_variance_ratio,3.713158e-05,36-1,36-2,36-2,13.1906633,28.4961338,
36,1,36-1,Leaf,,,,,-0.00565616274,18.4193726,
36,2,36-2,std_iat,0.000290200696,36-3,36-4,36-4,20.4419518,10.0767622,
36,3,36-3,Leaf,,,,,0.0214115549,4.65872955,
36,4,36-4,Leaf,,,,,-0.00503422227,5.41803217,
37,0,37-0,num_packets,190613.0,37-1,37-2,37-2,6.86072922,28.6950016,
37,1,37-1,rms_pkt_size,1204.79541,37-3,37-4,37-4,17.4196968,18.6691456,
37,2,37-2,Leaf,,,,,-0.00542290602,10.0258551,
37,3,37-3,num_packets,2085.0,37-5,37-6,37-6,18.8768044,9.72655773,
37,4,37-4,Leaf,,,,,-0.00536402036,8.94258881,
37,5,37-5,Leaf,,,,,-0.00465022633,3.53108573,
37,6,37-6,Leaf,,,,,0.0224695504,6.19547176,
38,0,38-0,byte_rate,6141961.5,38-1,38-2,38-2,18.5130539,30.2312298,
38,1,38-1,avg_min_pkt_size,1474.0,38-3,38-4,38-4,21.7383003,10.4582357,
38,2,38-2,Leaf,,,,,-0.00567612518,19.7729931,
38,3,38-3,Leaf,,,,,0.0220861901,5.58505249,
38,4,38-4,Leaf,,,,,-0.0049472847,4.87318325,
39,0,39-0,avg_bytes,307082624.0,39-1,39-2,39-2,43.9880562,29.2228031,
39,1,39-1,Leaf,,,,,-0.00571529893,23.028059,
39,2,39-2,Leaf,,,,,0.0224729013,6.19474363,
40,0,40-0,total_bytes,30995078.0,40-1,40-2,40-2,10.5318661,29.7983723,
40,1,40-1,total_bytes,30684258.0,40-3,40-4,40-4,32.1388397,15.3676949,
40,2,40-2,Leaf,,,,,-0.00558378221,14.4306765,
40,3,40-3,Leaf,,,,,-0.00540675037,9.54586411,
40,4,40-4,Leaf,,,,,0.0225910414,5.82183123,
41,0,41-0,max_iat,0.00240000011,41-1,41-2,41-2,13.2483664,30.1355114,
41,1,41-1,Leaf,,,,,-0.00566399284,18.9552822,
41,2,41-2,min_pkt_size,1474.0,41-3,41-4,41-4,23.0218391,11.1802282,
41,3,41-3,Leaf,,,,,-0.00513700349,6.22541094,
41,4,41-4,Leaf,,,,,0.0217231344,4.9548173,
42,0,42-0,min_iat,2.40000008e-05,42-1,42-2,42-2,16.0314255,29.1010056,
42,1,42-1,std_iat,7.49693791e-05,42-3,42-4,42-4,18.2971115,10.4987135,
42,2,42-2,Leaf,,,,,-0.00565268937,18.6022911,
42,3,42-3,Leaf,,,,,0.0212279167,5.05512142,
42,4,42-4,switching_ratio,1.39642862e-05,42-5,42-6,42-6,0.504297018,5.44359159,
42,5,42-5,Leaf,,,,,-0.00483634137,4.31525373,
42,6,42-6,Leaf,,,,,0.00149903412,1.12833798,
43,0,43-0,min_iat,2.40000008e-05,43-1,43-2,43-2,16.1256123,28.0803146,
43,1,43-1,num_packets,190613.0,43-3,43-4,43-4,20.5698128,11.082118,
43,2,43-2,Leaf,,,,,-0.00562667008,16.9981976,
43,3,43-3,Leaf,,,,,0.0206191223,5.94131374,
43,4,43-4,Leaf,,,,,-0.00499089016,5.14080429,
44,0,44-0,iat_variance_ratio,0.000370216556,44-1,44-2,44-2,27.7971573,27.3802738,
44,1,44-1,Leaf,,,,,-0.00569562009,21.8359241,
44,2,44-2,max_iat,0.0494580008,44-3,44-4,44-4,2.95924377,5.54435062,
44,3,44-3,Leaf,,,,,0.0207718909,4.4170146,
44,4,44-4,Leaf,,,,,0.00150289072,1.12733591,
45,0,45-0,packet_rate,41666.8672,45-1,45-2,45-2,17.0046253,28.0142822,
45,1,45-1,Leaf,,,,,-0.00564479036,18.0707741,
45,2,45-2,reverse_num_packets,1033.0,45-3,45-4,45-4,19.799408,9.94350815,
45,3,45-3,Leaf,,,,,0.0215027332,5.35680389,
45,4,45-4,Leaf,,,,,-0.00489128986,4.58670425,
46,0,46-0,total_packets,30937.0,46-1,46-2,46-2,7.95602274,29.4004726,
46,1,46-1,mean_iat,0.0015996719,46-3,46-4,46-4,27.806673,14.7663431,
46,2,46-2,Leaf,,,,,-0.00558252679,14.6341305,
46,3,46-3,Leaf,,,,,0.0215538237,4.98878717,
46,4,46-4,Leaf,,,,,-0.00541346613,9.77755547,
47,0,47-0,avg_bytes,3099454.0,47-1,47-2,47-2,41.4840012,29.7089863,
47,1,47-1,Leaf,,,,,0.0218881909,5.98158407,
47,2,47-2,Leaf,,,,,-0.00571582839,23.7274036,
48,0,48-0,mean_iat,2.40000008e-05,48-1,48-2,48-2,32.4427414,27.6405029,
48,1,48-1,Leaf,,,,,0.0206605662,4.80579758,
48,2,48-2,Leaf,,,,,-0.00570188276,22.8347054,
49,0,49-0,total_packets,30937.0,49-1,49-2,49-2,8.52379227,29.3816204,
49,1,49-1,Leaf,,,,,-0.00556404702,14.2636356,
49,2,49-2,num_packets,190613.0,49-3,49-4,49-4,28.0263596,15.1179848,
49,3,49-3,Leaf,,,,,0.021123657,5.43869114,
49,4,49-4,Leaf,,,,,-0.0053954185,9.67929363,
50,0,50-0,duration,4.99946404,50-1,50-2,50-2,26.248373,29.6127148,
50,1,50-1,mean_pkt_size,1002.01471,50-3,50-4,50-4,8.57030487,7.32233,
50,2,50-2,Leaf,,,,,-0.00569562241,22.2903862,
50,3,50-3,Leaf,,,,,0.020036459,5.70804405,
50,4,50-4,Leaf,,,,,-0.00367631228,1.61428571,
51,0,51-0,total_bytes,290693760.0,51-1,51-2,51-2,37.3751793,31.2322788,
51,1,51-1,Leaf,,,,,-0.00572925573,25.7869129,
51,2,51-2,Leaf,,,,,0.0210934896,5.44536591,
52,0,52-0,iat_variance_ratio,5.24272915e-25,52-1,52-2,52-2,16.658802,29.5470123,
52,1,52-1,dt_intensity,9599008770.0,52-3,52-4,52-4,15.5252352,12.5993471,
52,2,52-2,Leaf,,,,,-0.00562180346,16.9476662,
52,3,52-3,Leaf,,,,,-0.00490818825,4.62490416,
52,4,52-4,bytes,30713924.0,52-5,52-6,52-6,10.1355553,7.97444296,
52,5,52-5,Leaf,,,,,0.0218651127,6.34026527,
52,6,52-6,Leaf,,,,,-0.00370430551,1.63417792,
53,0,53-0,mean_pkt_size,1474.0,53-1,53-2,53-2,11.6684656,28.68116,
53,1,53-1,Leaf,,,,,-0.00554486737,13.685667,
53,2,53-2,byte_rate,619964.562,53-3,53-4,53-4,29.9097939,14.995492,
53,3,53-3,Leaf,,,,,0.0216190889,6.40062284,
53,4,53-4,Leaf,,,,,-0.00533104781,8.59486866,
54,0,54-0,total_packets,285903.0,54-1,54-2,54-2,34.2844887,29.8141594,
54,1,54-1,Leaf,,,,,-0.00571290171,24.6008091,
54,2,54-2,Leaf,,,,,0.0204745177,5.21334982,
55,0,55-0,iat_variance_ratio,3.51272429e-05,55-1,55-2,55-2,8.03787327,29.3152122,
55,1,55-1,Leaf,,,,,-0.00556638837,14.7049036,
55,2,55-2,max_iat,0.000882999972,55-3,55-4,55-4,20.4186535,14.6103086,
55,3,55-3,Leaf,,,,,0.0199810751,4.56819391,
55,4,55-4,dt_intensity,977530388000.0,55-5,55-6,55-6,0.17570281,10.0421143,
55,5,55-5,Leaf,,,,,-0.00179731182,5.20384264,
55,6,55-6,Leaf,,,,,-0.0049329577,4.83827162,
56,0,56-0,rms_pkt_size,1204.77576,56-1,56-2,56-2,9.59751034,25.4057522,
56,1,56-1,duration,4.99946404,56-3,56-4,56-4,17.7096386,10.6989403,
56,2,56-2,Leaf,,,,,-0.00556659792,14.7068129,
56,3,56-3,Leaf,,,,,0.0188719593,4.81892014,
56,4,56-4,Leaf,,,,,-0.00508045079,5.88001966,
57,0,57-0,bytes,307059264.0,57-1,57-2,57-2,41.7996559,30.5788269,
57,1,57-1,Leaf,,,,,-0.00570826884,24.0708084,
57,2,57-2,Leaf,,,,,0.0211897399,6.50801992,
58,0,58-0,protocol,1.0,58-1,58-2,58-2,8.1585083,27.9423332,
58,1,58-1,Leaf,,,,,-0.00556639535,14.7050858,
58,2,58-2,total_bytes,30995078.0,58-3,58-4,58-4,7.06078529,13.2372465,
58,3,58-3,packet_rate,619.673767,58-5,58-6,58-6,16.5167274,8.89878368,
58,4,58-4,Leaf,,,,,-0.00484739942,4.33846235,
58,5,58-5,Leaf,,,,,-0.00478623714,4.06463957,
58,6,58-6,Leaf,,,,,0.020519644,4.83414412,
59,0,59-0,total_packets,3098.0,59-1,59-2,59-2,39.9593353,30.2371597,
59,1,59-1,Leaf,,,,,0.0210504141,6.18062449,
59,2,59-2,Leaf,,,,,-0.00570732681,24.0565357,
60,0,60-0,reverse_num_packets,95290.0,60-1,60-2,60-2,38.9131165,29.7014542,
60,1,60-1,Leaf,,,,,-0.00569549249,23.4212856,
60,2,60-2,Leaf,,,,,0.0206459668,6.28016901,
61,0,61-0,std_iat,7.49693791e-05,61-1,61-2,61-2,16.2385559,29.9039345,
61,1,61-1,Leaf,,,,,-0.00564925373,19.4446373,
61,2,61-2,avg_dt_intensity,639696699000.0,61-3,61-4,61-4,15.5445843,10.4592972,
61,3,61-3,Leaf,,,,,-0.00482804654,4.29766798,
61,4,61-4,avg_bytes,31201206.0,61-5,61-6,61-6,0.324390411,6.1616292,
61,5,61-5,Leaf,,,,,0.0199373886,4.95358467,
61,6,61-6,Leaf,,,,,0.00568521116,1.20804489,
62,0,62-0,std_iat,0.00076957891,62-1,62-2,62-2,36.9457283,28.5698929,
62,1,62-1,Leaf,,,,,-0.00568839768,22.6386967,
62,2,62-2,Leaf,,,,,0.020566931,5.93119717,
63,0,63-0,protocol,1.0,63-1,63-2,63-2,7.03121614,27.9095249,
63,1,63-1,Leaf,,,,,-0.0055074105,12.7741804,
63,2,63-2,packet_rate,6187.54248,63-3,63-4,63-4,25.7595615,15.1353445,
63,3,63-3,Leaf,,,,,-0.00539117167,9.84738064,
63,4,63-4,Leaf,,,,,0.0201304071,5.28796387,
64,0,64-0,std_iat,3.54718891e-15,64-1,64-2,64-2,9.20629692,29.3471737,
64,1,64-1,bytes,3073900.0,64-3,64-4,64-4,11.3930664,13.6098843,
64,2,64-2,Leaf,,,,,-0.00558670983,15.7372904,
64,3,64-3,Leaf,,,,,-0.00506476173,5.66844893,
64,4,64-4,max_iat,0.000239999994,64-5,64-6,64-6,12.8149767,7.94143534,
64,5,64-5,Leaf,,,,,-0.00435187761,2.70449662,
64,6,64-6,Leaf,,,,,0.0203650258,5.23693848,
65,0,65-0,mean_iat,0.00240000011,65-1,65-2,65-2,39.3376656,30.7550564,
65,1,65-1,Leaf,,,,,-0.00570512097,24.4775181,
65,2,65-2,Leaf,,,,,0.0206566136,6.27753782,
66,0,66-0,packet_rate,57180.75,66-1,66-2,66-2,35.7127876,27.7725182,
66,1,66-1,Leaf,,,,,-0.00567165203,21.7286739,
66,2,66-2,Leaf,,,,,0.0200998131,6.0438447,
67,0,67-0,std_pkt_size,668.90686,67-1,67-2,67-2,11.3970213,30.080122,
67,1,67-1,Leaf,,,,,-0.00555260107,14.5814466,
67,2,67-2,avg_bytes,286486144.0,67-3,67-4,67-4,9.17283916,15.4986753,
67,3,67-3,min_iat,2.40000008e-05,67-5,67-6,67-6,15.3705883,10.9714575,
67,4,67-4,Leaf,,,,,-0.00486501819,4.52721786,
67,5,67-5,Leaf,,,,,0.0187330171,7.23522425,
67,6,67-6,Leaf,,,,,-0.00468771812,3.73623323,
68,0,68-0,dt_intensity,638723490000.0,68-1,68-2,68-2,17.582922,28.8250351,
68,1,68-1,total_packets,3098.0,68-3,68-4,68-4,18.4372444,10.5248737,
68,2,68-2,Leaf,,,,,-0.00562647218,18.3001614,
68,3,68-3,Leaf,,,,,-0.00485437643,4.50351286,
68,4,68-4,Leaf,,,,,0.0201920457,6.0213604,
69,0,69-0,bytes,285278272.0,69-1,69-2,69-2,34.6415024,29.2832489,
69,1,69-1,Leaf,,,,,-0.00569113297,23.5803566,
69,2,69-2,Leaf,,,,,0.0199555717,5.7028923,
70,0,70-0,min_iat,0.000239999994,70-1,70-2,70-2,9.42071819,28.8382263,
70,1,70-1,Leaf,,,,,-0.00556015316,14.648489,
70,2,70-2,packet_rate,4166.8667,70-3,70-4,70-4,25.2080116,14.1897383,
70,3,70-3,Leaf,,,,,-0.00531968148,8.5404644,
70,4,70-4,Leaf,,,,,0.020186441,5.64927387,
71,0,71-0,duration,5.00159979,71-1,71-2,71-2,21.8926582,27.8827877,
71,1,71-1,avg_bytes,3071963.5,71-3,71-4,71-4,7.64877748,23.8546562,
71,2,71-2,Leaf,,,,,0.0187736806,4.02813148,
71,3,71-3,Leaf,,,,,0.0134907402,1.33642936,
71,4,71-4,Leaf,,,,,-0.00568009168,22.5182266,
72,0,72-0,bytes,281149920.0,72-1,72-2,72-2,14.8193398,28.5432777,
72,1,72-1,Leaf,,,,,-0.00559587637,16.8903446,
72,2,72-2,protocol,1.0,72-3,72-4,72-4,20.2493668,11.6529331,
72,3,72-3,Leaf,,,,,0.0197683349,6.12560272,
72,4,72-4,Leaf,,,,,-0.0050160503,5.52733088,
73,0,73-0,mean_iat,0.000161620279,73-1,73-2,73-2,8.97505856,28.7997036,
73,1,73-1,bytes,281149920.0,73-3,73-4,73-4,24.6217003,14.4980383,
73,2,73-2,Leaf,,,,,-0.00554436352,14.3016653,
73,3,73-3,Leaf,,,,,0.0196426045,5.77661705,
73,4,73-4,Leaf,,,,,-0.00531927682,8.72142124,
74,0,74-0,duration,4.99940491,74-1,74-2,74-2,26.1593494,26.9708538,
74,1,74-1,protocol,1.0,74-3,74-4,74-4,5.15346718,7.71291447,
74,2,74-2,Leaf,,,,,-0.005634089,19.2579384,
74,3,74-3,avg_min_pkt_size,51.8158569,74-5,74-6,74-6,0.304887772,6.65264082,
74,4,74-4,Leaf,,,,,-0.00305332616,1.060274,
74,5,74-5,Leaf,,,,,0.0194753744,5.43410015,
74,6,74-6,Leaf,,,,,0.00561162597,1.21854055,
75,0,75-0,total_packets,208317.0,75-1,75-2,75-2,20.2878628,31.0832081,
75,1,75-1,Leaf,,,,,-0.00564161595,19.7869606,
75,2,75-2,bytes,284990656.0,75-3,75-4,75-4,18.9387817,11.2962484,
75,3,75-3,Leaf,,,,,-0.00484783575,4.48865509,
75,4,75-4,Leaf,,,,,0.0200447645,6.80759335,
76,0,76-0,duration,5.00010204,76-1,76-2,76-2,11.8527822,28.2893677,
76,1,76-1,iat_variance_ratio,5.24272915e-25,76-3,76-4,76-4,1.24215484,19.8271465,
76,2,76-2,duration,5.00159979,76-5,76-6,76-6,10.9876928,8.46222305,
76,3,76-3,duration,4.99996424,76-7,76-8,76-8,1.64628172,4.7673316,
76,4,76-4,Leaf,,,,,-0.00555954687,15.0598145,
76,5,76-5,Leaf,,,,,0.0170878563,5.2501421,
76,6,76-6,Leaf,,,,,-0.00453474512,3.21208048,
76,7,76-7,Leaf,,,,,0.00557000563,2.08413291,
76,8,76-8,Leaf,,,,,-0.00433446979,2.68319869,
77,0,77-0,avg_dt_intensity,9599008770.0,77-1,77-2,77-2,36.2536316,30.898241,
77,1,77-1,Leaf,,,,,0.0197981298,6.11821127,
77,2,77-2,Leaf,,,,,-0.00569581008,24.7800293,
78,0,78-0,packet_rate,57180.75,78-1,78-2,78-2,27.8512402,28.2152958,
78,1,78-1,Leaf,,,,,-0.00567773683,23.3739834,
78,2,78-2,Leaf,,,,,0.0186383761,4.84131289,
79,0,79-0,reverse_bytes,577464.0,79-1,79-2,79-2,16.571476,29.7033329,
79,1,79-1,Leaf,,,,,-0.00561010092,17.8969345,
79,2,79-2,max_iat,0.000882999972,79-3,79-4,79-4,15.1969738,11.8063974,
79,3,79-3,Leaf,,,,,0.0192797985,5.86392927,
79,4,79-4,std_pkt_size,668.937439,79-5,79-6,79-6,1.781847,5.94246864,
79,5,79-5,Leaf,,,,,-0.00490050996,4.75971794,
79,6,79-6,Leaf,,,,,0.00583801419,1.18275058,
80,0,80-0,iat_variance_ratio,0.000370216556,80-1,80-2,80-2,28.9714298,29.2298107,
80,1,80-1,Leaf,,,,,-0.00567020057,22.594101,
80,2,80-2,avg_min_pkt_size,45.2000008,80-3,80-4,80-4,1.20859146,6.63571119,
80,3,80-3,Leaf,,,,,0.00446717534,1.46601808,
80,4,80-4,Leaf,,,,,0.0189321842,5.16969299,
81,0,81-0,tcp_flag_count,3100.0,81-1,81-2,81-2,8.44531155,28.3952351,
81,1,81-1,duration,5.0000248,81-3,81-4,81-4,15.8247318,13.9306412,
81,2,81-2,Leaf,,,,,-0.00553963566,14.4645939,
81,3,81-3,duration,4.99938679,81-5,81-6,81-6,6.63515472,6.83740044,
81,4,81-4,Leaf,,,,,-0.00518945931,7.09324121,
81,5,81-5,Leaf,,,,,-0.00336107565,1.31314063,
81,6,81-6,Leaf,,,,,0.0190832131,5.52425957,
82,0,82-0,avg_bytes,30995078.0,82-1,82-2,82-2,9.11118793,29.7849007,
82,1,82-1,bytes,30417614.0,82-3,82-4,82-4,27.8962212,16.2867451,
82,2,82-2,Leaf,,,,,-0.00552208116,13.4981546,
82,3,82-3,Leaf,,,,,-0.0053836829,9.80445004,
82,4,82-4,Leaf,,,,,0.0198525228,6.48229599,
83,0,83-0,total_bytes,3099454.0,83-1,83-2,83-2,36.8122559,29.9040909,
83,1,83-1,Leaf,,,,,0.0195981208,6.54903698,
83,2,83-2,Leaf,,,,,-0.00567650376,23.3550529,
84,0,84-0,total_packets,285903.0,84-1,84-2,84-2,34.9727478,31.1308022,
84,1,84-1,Leaf,,,,,-0.00568581605,24.8389282,
84,2,84-2,Leaf,,,,,0.0191127919,6.29187489,
85,0,85-0,reverse_num_packets,10312.0,85-1,85-2,85-2,16.6061268,28.0319538,
85,1,85-1,Leaf,,,,,-0.00559480349,17.3007069,
85,2,85-2,reverse_num_packets,95290.0,85-3,85-4,85-4,17.2480278,10.7312479,
85,3,85-3,Leaf,,,,,0.0192465726,6.25712442,
85,4,85-4,Leaf,,,,,-0.00484150648,4.474123,
86,0,86-0,avg_bytes,30707622.0,86-1,86-2,86-2,16.541172,31.11306,
86,1,86-1,protocol,1.0,86-3,86-4,86-4,18.3486481,11.2320013,
86,2,86-2,Leaf,,,,,-0.00563215977,19.8810577,
86,3,86-3,Leaf,,,,,0.0192209147,6.26394701,
86,4,86-4,Leaf,,,,,-0.00492369849,4.96805477,
87,0,87-0,avg_bytes,289060192.0,87-1,87-2,87-2,31.2820988,29.9382038,
87,1,87-1,Leaf,,,,,-0.00568254758,24.3386078,
87,2,87-2,Leaf,,,,,0.0187619831,5.59959507,
88,0,88-0,directions,1.0,88-1,88-2,88-2,7.33616304,28.2047215,
88,1,88-1,Leaf,,,,,-0.00550546264,13.3619909,
88,2,88-2,Leaf,,,,,0.00436375383,14.8427305,
89,0,89-0,max_iat,0.000969999994,89-1,89-2,89-2,15.3721094,29.5383301,
89,1,89-1,Leaf,,,,,-0.00560249621,18.0225163,
89,2,89-2,tcp_flag_count,3100.0,89-3,89-4,89-4,18.7794113,11.5158138,
89,3,89-3,Leaf,,,,,0.0191186499,6.2903862,
89,4,89-4,Leaf,,,,,-0.00496381102,5.22542763,
90,0,90-0,reverse_num_packets,95290.0,90-1,90-2,90-2,33.1571808,27.9820385,
90,1,90-1,Leaf,,,,,-0.00564705022,21.5988274,
90,2,90-2,Leaf,,,,,0.0187626686,6.38321114,
91,0,91-0,std_iat,7.49693791e-05,91-1,91-2,91-2,16.1532822,29.9478722,
91,1,91-1,Leaf,,,,,-0.0055978233,17.9676037,
91,2,91-2,num_packets,2085.0,91-3,91-4,91-4,16.1002026,11.9802694,
91,3,91-3,Leaf,,,,,-0.00489407778,4.74404621,
91,4,91-4,tcp_flag_count,31253.0,91-5,91-6,91-6,0.333509445,7.23622322,
91,5,91-5,Leaf,,,,,0.0187761262,5.98764896,
91,6,91-6,Leaf,,,,,0.00541698327,1.24857402,
92,0,92-0,bytes,30417614.0,92-1,92-2,92-2,16.5565453,29.4286633,
92,1,92-1,packet_rate,619.673767,92-3,92-4,92-4,15.5817537,10.1569614,
92,2,92-2,Leaf,,,,,-0.00561804231,19.2717018,
92,3,92-3,Leaf,,,,,-0.00476346025,4.16205025,
92,4,92-4,Leaf,,,,,0.0187480804,5.99491119,
93,0,93-0,total_packets,208317.0,93-1,93-2,93-2,14.0408287,27.0246792,
93,1,93-1,Leaf,,,,,-0.00557916565,16.9200573,
93,2,93-2,total_packets,285903.0,93-3,93-4,93-4,15.5551529,10.1046219,
93,3,93-3,Leaf,,,,,0.0184726529,5.66861057,
93,4,93-4,Leaf,,,,,-0.0048246379,4.43601084,
94,0,94-0,iat_variance_ratio,5.24272915e-25,94-1,94-2,94-2,12.0186749,30.0881672,
94,1,94-1,packet_rate,619.673767,94-3,94-4,94-4,10.7289925,12.5815125,
94,2,94-2,Leaf,,,,,-0.00559441,17.5066547,
94,3,94-3,Leaf,,,,,-0.00486581121,4.52930307,
94,4,94-4,dt_intensity,958863704000.0,94-5,94-6,94-6,9.9522438,8.05220985,
94,5,94-5,Leaf,,,,,0.019057624,5.91824102,
94,6,94-6,Leaf,,,,,-0.00404581241,2.13396883,
95,0,95-0,avg_bytes,3099454.0,95-1,95-2,95-2,38.1225586,29.5345592,
95,1,95-1,Leaf,,,,,0.0191970915,7.42802668,
95,2,95-2,Leaf,,,,,-0.0056520612,22.1065331,
96,0,96-0,tcp_flag_count,285905.0,96-1,96-2,96-2,34.325676,28.8332005,
96,1,96-1,Leaf,,,,,-0.00564589538,22.0152721,
96,2,96-2,Leaf,,,,,0.0186080001,6.81792879,
97,0,97-0,reverse_num_packets,10312.0,97-1,97-2,97-2,15.8382797,30.3537884,
97,1,97-1,Leaf,,,,,-0.00561077055,18.966795,
97,2,97-2,byte_rate,57297380.0,97-3,97-4,97-4,17.622467,11.3869934,
97,3,97-3,Leaf,,,,,0.0186223928,6.41993618,
97,4,97-4,Leaf,,,,,-0.00492360303,4.9670577,
98,0,98-0,total_packets,20817.0,98-1,98-2,98-2,16.6506386,28.3070354,
98,1,98-1,protocol,1.0,98-3,98-4,98-4,17.3673668,11.4517202,
98,2,98-2,Leaf,,,,,-0.00557331508,16.8553162,
98,3,98-3,Leaf,,,,,0.0187031031,6.7913785,
98,4,98-4,Leaf,,,,,-0.00485915923,4.66034126,
99,0,99-0,byte_rate,61416960.0,99-1,99-2,99-2,28.4342327,29.2617378,
99,1,99-1,Leaf,,,,,-0.00566787925,23.8793545,
99,2,99-2,Leaf,,,,,0.017995216,5.38238382,
100,0,100-0,reverse_num_packets,1033.0,100-1,100-2,100-2,6.50983,28.5981731,
100,1,100-1,min_iat,0.000239999994,100-3,100-4,100-4,7.14631081,14.8374386,
100,2,100-2,Leaf,,,,,-0.00550546171,13.7607355,
100,3,100-3,Leaf,,,,,-0.00499196537,5.30253506,
100,4,100-4,Leaf,,,,,0.00859256834,9.53490353,
101,0,101-0,dt_intensity,9599008770.0,101-1,101-2,101-2,24.6547585,27.1814213,
101,1,101-1,Leaf,,,,,0.0176062249,4.65746784,
101,2,101-2,Leaf,,,,,-0.00565091521,22.5239544,
102,0,102-0,avg_dt_intensity,81906964100000.0,102-1,102-2,102-2,31.5060711,30.9315662,
102,1,102-1,Leaf,,,,,-0.00566748623,24.7511864,
102,2,102-2,Leaf,,,,,0.0180216338,6.18037939,
103,0,103-0,reverse_num_packets,10312.0,103-1,103-2,103-2,15.3713846,27.3718548,
103,1,103-1,Leaf,,,,,-0.00557332346,17.0608978,
103,2,103-2,tcp_flag_count,285905.0,103-3,103-4,103-4,14.969449,10.310956,
103,3,103-3,Leaf,,,,,0.0181620009,6.1436348,
103,4,103-4,Leaf,,,,,-0.00476629566,4.16732121,
104,0,104-0,dt_intensity,638723490000.0,104-1,104-2,104-2,16.670784,28.1995773,
104,1,104-1,min_pkt_size,1474.0,104-3,104-4,104-4,15.191597,10.6525698,
104,2,104-2,Leaf,,,,,-0.00557961455,17.5470066,
104,3,104-3,Leaf,,,,,0.0182062332,6.53196335,
104,4,104-4,Leaf,,,,,-0.00474374508,4.12060642,
105,0,105-0,bytes,285278272.0,105-1,105-2,105-2,32.4779587,29.2505207,
105,1,105-1,Leaf,,,,,-0.00564901205,22.7109337,
105,2,105-2,Leaf,,,,,0.018178327,6.53958797,
106,0,106-0,directions,1.0,106-1,106-2,106-2,11.9282274,29.2720585,
106,1,106-1,Leaf,,,,,-0.00551748369,14.4655895,
106,2,106-2,num_packets,20625.0,106-3,106-4,106-4,9.2603035,14.8064699,
106,3,106-3,Leaf,,,,,-0.00481347647,4.26718092,
106,4,106-4,mean_iat,0.000159994874,106-5,106-6,106-6,14.6752663,10.5392885,
106,5,106-5,Leaf,,,,,-0.00459032273,3.43226695,
106,6,106-6,Leaf,,,,,0.0189694837,7.10702133,
107,0,107-0,packet_rate,619.673767,107-1,107-2,107-2,33.3772469,27.7694073,
107,1,107-1,Leaf,,,,,0.0183717366,6.88430738,
107,2,107-2,Leaf,,,,,-0.00562709337,20.8850994,
108,0,108-0,num_packets,190613.0,108-1,108-2,108-2,12.2218189,27.0547848,
108,1,108-1,Leaf,,,,,-0.00556231244,16.9397049,
108,2,108-2,num_packets,208317.0,108-3,108-4,108-4,14.3914909,10.1150808,
108,3,108-3,Leaf,,,,,0.0174430311,5.51284695,
108,4,108-4,Leaf,,,,,-0.00483511575,4.60223436,
109,0,109-0,avg_min_pkt_size,1474.0,109-1,109-2,109-2,8.34480858,30.5704193,
109,1,109-1,total_packets,208317.0,109-3,109-4,109-4,7.3795476,16.206234,
109,2,109-2,Leaf,,,,,-0.00550654344,14.3641863,
109,3,109-3,mean_iat,0.000161620279,109-5,109-6,109-6,16.1520462,11.2778997,
109,4,109-4,Leaf,,,,,-0.00490856171,4.92833376,
109,5,109-5,Leaf,,,,,0.0179295447,6.60745764,
109,6,109-6,Leaf,,,,,-0.00486350572,4.6704421,
110,0,110-0,bytes,30417614.0,110-1,110-2,110-2,13.8754787,29.6081524,
110,1,110-1,min_iat,0.00240000011,110-3,110-4,110-4,16.5900173,11.3552418,
110,2,110-2,Leaf,,,,,-0.00558678713,18.2529106,
110,3,110-3,Leaf,,,,,0.017834641,6.22918892,
110,4,110-4,Leaf,,,,,-0.00492754206,5.12605286,
111,0,111-0,total_bytes,307059264.0,111-1,111-2,111-2,35.284008,31.0214367,
111,1,111-1,Leaf,,,,,-0.00565474899,23.6657982,
111,2,111-2,Leaf,,,,,0.0181222912,7.35563946,
112,0,112-0,std_iat,3.54718891e-15,112-1,112-2,112-2,11.3699999,30.5298023,
112,1,112-1,std_iat,3.18588129e-15,112-3,112-4,112-4,4.67412758,13.0066195,
112,2,112-2,Leaf,,,,,-0.00557758752,17.5231819,
112,3,112-3,avg_bytes,3099454.0,112-5,112-6,112-6,5.13367844,10.1267004,
112,4,112-4,Leaf,,,,,0.0157649163,2.87991977,
112,5,112-5,Leaf,,,,,-0.0048591909,4.51435757,
112,6,112-6,Leaf,,,,,0.00828087702,5.61234236,
113,0,113-0,max_iat,0.00240000011,113-1,113-2,113-2,13.1044941,29.1872959,
113,1,113-1,Leaf,,,,,-0.00555708585,16.6781139,
113,2,113-2,protocol,1.0,113-3,113-4,113-4,18.5963173,12.509181,
113,3,113-3,Leaf,,,,,-0.00503846444,5.90691185,
113,4,113-4,Leaf,,,,,0.0179490317,6.60226965,
114,0,114-0,iat_variance_ratio,3.713158e-05,114-1,114-2,114-2,12.4070568,30.0721493,
114,1,114-1,Leaf,,,,,-0.00557136722,17.8619556,
114,2,114-2,dt_intensity,977530388000.0,114-3,114-4,114-4,17.5115509,12.2101936,
114,3,114-3,Leaf,,,,,-0.00503177848,5.88508463,
114,4,114-4,Leaf,,,,,0.0174733773,6.325109,
115,0,115-0,protocol,1.0,115-1,115-2,115-2,8.59864712,29.7708569,
115,1,115-1,num_packets,190613.0,115-3,115-4,115-4,7.25103378,15.7202082,
115,2,115-2,Leaf,,,,,-0.00549378619,14.0506496,
115,3,115-3,total_packets,20817.0,115-5,115-6,115-6,15.2202024,11.0741081,
115,4,115-4,Leaf,,,,,-0.00485357828,4.64610004,
115,5,115-5,Leaf,,,,,-0.00480469503,4.39098787,
115,6,115-6,Leaf,,,,,0.0176566914,6.68312025,
116,0,116-0,avg_bytes,30707622.0,116-1,116-2,116-2,17.9548435,30.9603291,
116,1,116-1,total_bytes,3099454.0,116-3,116-4,116-4,16.5411625,12.0161514,
116,2,116-2,Leaf,,,,,-0.00559230801,18.9441776,
116,3,116-3,Leaf,,,,,-0.00483227847,4.59535551,
116,4,116-4,Leaf,,,,,0.0179058649,7.42079639,
117,0,117-0,mean_iat,0.000159994874,117-1,117-2,117-2,14.0290699,29.3474808,
117,1,117-1,reverse_bytes,57840.0,117-3,117-4,117-4,15.699913,11.1958427,
117,2,117-2,Leaf,,,,,-0.00557841966,18.151638,
117,3,117-3,Leaf,,,,,0.0174846444,6.32214975,
117,4,117-4,Leaf,,,,,-0.00488753337,4.87369299,
118,0,118-0,iat_variance_ratio,5.24272915e-25,118-1,118-2,118-2,12.459465,28.0185261,
118,1,118-1,byte_rate,619964.562,118-3,118-4,118-4,9.66966438,12.6252594,
118,2,118-2,Leaf,,,,,-0.00553090684,15.3932667,
118,3,118-3,Leaf,,,,,-0.00473505072,3.96490288,
118,4,118-4,num_packets,190613.0,118-5,118-6,118-6,9.37462425,8.66035652,
118,5,118-5,Leaf,,,,,0.0181733537,6.54091835,
118,6,118-6,Leaf,,,,,-0.00403062394,2.11943793,
119,0,119-0,avg_bytes,3099454.0,119-1,119-2,119-2,37.2298355,30.9015255,
119,1,119-1,Leaf,,,,,0.018095253,8.16499805,
119,2,119-2,Leaf,,,,,-0.00563682942,22.7365284,
